"","comp.1","comp.2","Year","week"
"1",0.999999992808898,7.19110180823955e-09,"1968",22
"2",0.944022881747604,0.0559771182523963,"1969",27
"3",0.99999579963872,4.20036127998648e-06,"1970",24
"4",0.99999579963872,4.20036127998648e-06,"1970",24
"5",0.99999579963872,4.20036127998648e-06,"1970",24
"6",0.99989849419027,0.000101505809730209,"1970",25
"7",0.997552530573321,0.00244746942667876,"1970",26
"8",0.00119320187909787,0.998806798120902,"1970",30
"9",0.999999992808898,7.19110180823955e-09,"1971",22
"10",0.99999579963872,4.20036127998648e-06,"1971",24
"11",0.99989849419027,0.000101505809730209,"1971",25
"12",0.99989849419027,0.000101505809730209,"1971",25
"13",0.999999999702458,2.97542443520014e-10,"1974",21
"14",0.999999999702458,2.97542443520014e-10,"1974",21
"15",0.99999579963872,4.20036127998648e-06,"1974",24
"16",0.999999826203158,1.73796841706586e-07,"1975",23
"17",0.999999826203158,1.73796841706586e-07,"1975",23
"18",0.999999826203158,1.73796841706586e-07,"1975",23
"19",0.999999826203158,1.73796841706586e-07,"1975",23
"20",0.999999826203158,1.73796841706586e-07,"1975",23
"21",0.99999579963872,4.20036127998648e-06,"1975",24
"22",0.99989849419027,0.000101505809730209,"1975",25
"23",0.99989849419027,0.000101505809730209,"1975",25
"24",0.997552530573321,0.00244746942667876,"1975",26
"25",0.999999992808898,7.19110180823955e-09,"1976",22
"26",0.999999992808898,7.19110180823955e-09,"1976",22
"27",0.999999992808898,7.19110180823955e-09,"1976",22
"28",0.999999992808898,7.19110180823955e-09,"1976",22
"29",0.999999826203158,1.73796841706586e-07,"1976",23
"30",0.999999826203158,1.73796841706586e-07,"1976",23
"31",0.999999826203158,1.73796841706586e-07,"1976",23
"32",0.999999826203158,1.73796841706586e-07,"1976",23
"33",0.999999826203158,1.73796841706586e-07,"1976",23
"34",0.999999826203158,1.73796841706586e-07,"1976",23
"35",0.999999826203158,1.73796841706586e-07,"1976",23
"36",0.999999826203158,1.73796841706586e-07,"1976",23
"37",0.99989849419027,0.000101505809730209,"1976",25
"38",0.944022881747604,0.0559771182523963,"1976",27
"39",8.46238650465685e-08,0.999999915376135,"1976",33
"40",0.999999999999491,5.09396427994172e-13,"1977",19
"41",0.999999992808898,7.19110180823955e-09,"1977",22
"42",0.99999579963872,4.20036127998648e-06,"1977",24
"43",0.99999579963872,4.20036127998648e-06,"1977",24
"44",0.99989849419027,0.000101505809730209,"1977",25
"45",0.944022881747604,0.0559771182523963,"1977",27
"46",0.0280619306626163,0.971938069337384,"1977",29
"47",0.999999999702458,2.97542443520014e-10,"1978",21
"48",0.999999992808898,7.19110180823955e-09,"1978",22
"49",0.999999992808898,7.19110180823955e-09,"1978",22
"50",0.999999992808898,7.19110180823955e-09,"1978",22
"51",0.999999992808898,7.19110180823955e-09,"1978",22
"52",0.999999992808898,7.19110180823955e-09,"1978",22
"53",0.999999826203158,1.73796841706586e-07,"1978",23
"54",0.99989849419027,0.000101505809730209,"1978",25
"55",0.944022881747604,0.0559771182523963,"1978",27
"56",0.999999826203158,1.73796841706586e-07,"1979",23
"57",0.0280619306626163,0.971938069337384,"1979",29
"58",0.0280619306626163,0.971938069337384,"1979",29
"59",0.999999999987689,1.23112573666216e-11,"1980",20
"60",0.999999999987689,1.23112573666216e-11,"1980",20
"61",0.999999999987689,1.23112573666216e-11,"1980",20
"62",0.999999999702458,2.97542443520014e-10,"1980",21
"63",0.999999999702458,2.97542443520014e-10,"1980",21
"64",0.999999999702458,2.97542443520014e-10,"1980",21
"65",0.999999999702458,2.97542443520014e-10,"1980",21
"66",0.999999999702458,2.97542443520014e-10,"1980",21
"67",0.999999999702458,2.97542443520014e-10,"1980",21
"68",0.999999992808898,7.19110180823955e-09,"1980",22
"69",0.999999992808898,7.19110180823955e-09,"1980",22
"70",0.999999826203158,1.73796841706586e-07,"1980",23
"71",0.99999579963872,4.20036127998648e-06,"1980",24
"72",0.944022881747604,0.0559771182523963,"1980",27
"73",0.999999999987689,1.23112573666216e-11,"1981",20
"74",0.999999999702458,2.97542443520014e-10,"1981",21
"75",0.999999999702458,2.97542443520014e-10,"1981",21
"76",0.999999999702458,2.97542443520014e-10,"1981",21
"77",0.99989849419027,0.000101505809730209,"1981",25
"78",0.99999579963872,4.20036127998648e-06,"1982",24
"79",3.50143748851347e-09,0.999999996498562,"1982",34
"80",0.99989849419027,0.000101505809730209,"1983",25
"81",0.99989849419027,0.000101505809730209,"1983",25
"82",8.46238650465685e-08,0.999999915376135,"1983",33
"83",0.999999999702458,2.97542443520014e-10,"1984",21
"84",0.999999992808898,7.19110180823955e-09,"1984",22
"85",0.999999826203158,1.73796841706586e-07,"1984",23
"86",3.50143748851347e-09,0.999999996498562,"1984",34
"87",3.50143748851347e-09,0.999999996498562,"1984",34
"88",0.999999826203158,1.73796841706586e-07,"1985",23
"89",0.99999579963872,4.20036127998648e-06,"1986",24
"90",0.99999579963872,4.20036127998648e-06,"1986",24
"91",0.99989849419027,0.000101505809730209,"1986",25
"92",0.944022881747604,0.0559771182523963,"1986",27
"93",0.410999410301857,0.589000589698143,"1986",28
"94",1.02626689198616e-14,0.99999999999999,"1986",38
"95",0.99999579963872,4.20036127998648e-06,"1987",24
"96",0.999999992808898,7.19110180823955e-09,"1988",22
"97",0.999999992808898,7.19110180823955e-09,"1988",22
"98",0.999999992808898,7.19110180823955e-09,"1988",22
"99",0.99999579963872,4.20036127998648e-06,"1988",24
"100",0.99999579963872,4.20036127998648e-06,"1988",24
"101",0.99999579963872,4.20036127998648e-06,"1988",24
"102",0.99999579963872,4.20036127998648e-06,"1988",24
"103",0.99999579963872,4.20036127998648e-06,"1988",24
"104",0.99999579963872,4.20036127998648e-06,"1988",24
"105",0.997552530573321,0.00244746942667876,"1988",26
"106",0.944022881747604,0.0559771182523963,"1988",27
"107",0.944022881747604,0.0559771182523963,"1988",27
"108",0.999999999702458,2.97542443520014e-10,"1989",21
"109",0.999999999702458,2.97542443520014e-10,"1989",21
"110",0.999999999702458,2.97542443520014e-10,"1989",21
"111",0.99989849419027,0.000101505809730209,"1989",25
"112",0.997552530573321,0.00244746942667876,"1989",26
"113",0.997552530573321,0.00244746942667876,"1989",26
"114",0.410999410301857,0.589000589698143,"1989",28
"115",0.00119320187909787,0.998806798120902,"1989",30
"116",0.999999999999491,5.09396427994172e-13,"1990",19
"117",0.999999992808898,7.19110180823955e-09,"1990",22
"118",0.999999992808898,7.19110180823955e-09,"1990",22
"119",0.999999826203158,1.73796841706586e-07,"1990",23
"120",0.944022881747604,0.0559771182523963,"1990",27
"121",0.999999992808898,7.19110180823955e-09,"1991",22
"122",0.999999992808898,7.19110180823955e-09,"1991",22
"123",0.999999826203158,1.73796841706586e-07,"1992",23
"124",0.999999992808898,7.19110180823955e-09,"1994",22
"125",0.99999579963872,4.20036127998648e-06,"1994",24
"126",0.99999579963872,4.20036127998648e-06,"1994",24
"127",0.99999579963872,4.20036127998648e-06,"1994",24
"128",0.99999579963872,4.20036127998648e-06,"1994",24
"129",0.997552530573321,0.00244746942667876,"1995",26
"130",0.410999410301857,0.589000589698143,"1995",28
"131",0.999999999987689,1.23112573666216e-11,"1998",20
"132",0.999999999987689,1.23112573666216e-11,"1998",20
"133",0.999999999702458,2.97542443520014e-10,"1998",21
"134",0.99999579963872,4.20036127998648e-06,"1998",24
"135",0.999999999999491,5.09396427994172e-13,"1999",19
"136",0.999999999987689,1.23112573666216e-11,"1999",20
"137",0.999999999702458,2.97542443520014e-10,"1999",21
"138",0.999999999702458,2.97542443520014e-10,"1999",21
"139",0.999999992808898,7.19110180823955e-09,"1999",22
"140",2.04521288747166e-06,0.999997954787113,"1999",32
"141",0.999999999702458,2.97542443520014e-10,"2000",21
"142",0.997552530573321,0.00244746942667876,"2000",26
"143",0.999999999702458,2.97542443520014e-10,"2001",21
"144",0.999999826203158,1.73796841706586e-07,"2001",23
"145",0.999999826203158,1.73796841706586e-07,"2001",23
"146",0.99999579963872,4.20036127998648e-06,"2001",24
"147",0.997552530573321,0.00244746942667876,"2001",26
"148",0.997552530573321,0.00244746942667876,"2001",26
"149",0.997552530573321,0.00244746942667876,"2001",26
"150",2.04521288747166e-06,0.999997954787113,"2001",32
"151",8.46238650465685e-08,0.999999915376135,"2001",33
"152",3.50143748851347e-09,0.999999996498562,"2001",34
"153",0.999999999702458,2.97542443520014e-10,"2002",21
"154",0.999999826203158,1.73796841706586e-07,"2002",23
"155",0.999999826203158,1.73796841706586e-07,"2002",23
"156",0.999999826203158,1.73796841706586e-07,"2002",23
"157",0.999999826203158,1.73796841706586e-07,"2002",23
"158",0.999999826203158,1.73796841706586e-07,"2002",23
"159",0.99999579963872,4.20036127998648e-06,"2002",24
"160",0.997552530573321,0.00244746942667876,"2002",26
"161",0.999999999702458,2.97542443520014e-10,"2003",21
"162",0.999999992808898,7.19110180823955e-09,"2003",22
"163",0.999999992808898,7.19110180823955e-09,"2003",22
"164",0.999999826203158,1.73796841706586e-07,"2003",23
"165",0.999999826203158,1.73796841706586e-07,"2003",23
"166",0.99999579963872,4.20036127998648e-06,"2003",24
"167",2.04521288747166e-06,0.999997954787113,"2003",32
"168",8.46238650465685e-08,0.999999915376135,"2003",33
"169",8.46238650465685e-08,0.999999915376135,"2003",33
"170",0.999999999999491,5.09396427994172e-13,"2004",19
"171",0.999999999999491,5.09396427994172e-13,"2004",19
"172",0.999999999987689,1.23112573666216e-11,"2004",20
"173",0.999999999987689,1.23112573666216e-11,"2004",20
"174",0.999999999987689,1.23112573666216e-11,"2004",20
"175",0.999999999702458,2.97542443520014e-10,"2004",21
"176",0.999999999702458,2.97542443520014e-10,"2004",21
"177",0.999999999702458,2.97542443520014e-10,"2004",21
"178",0.999999999702458,2.97542443520014e-10,"2004",21
"179",0.999999999702458,2.97542443520014e-10,"2004",21
"180",0.999999999702458,2.97542443520014e-10,"2004",21
"181",0.999999999702458,2.97542443520014e-10,"2004",21
"182",0.999999999702458,2.97542443520014e-10,"2004",21
"183",0.999999992808898,7.19110180823955e-09,"2004",22
"184",0.999999992808898,7.19110180823955e-09,"2004",22
"185",0.999999992808898,7.19110180823955e-09,"2004",22
"186",0.999999992808898,7.19110180823955e-09,"2004",22
"187",0.999999992808898,7.19110180823955e-09,"2004",22
"188",0.999999992808898,7.19110180823955e-09,"2004",22
"189",0.999999992808898,7.19110180823955e-09,"2004",22
"190",0.999999826203158,1.73796841706586e-07,"2004",23
"191",0.999999826203158,1.73796841706586e-07,"2004",23
"192",0.999999826203158,1.73796841706586e-07,"2004",23
"193",2.04521288747166e-06,0.999997954787113,"2004",32
"194",2.04521288747166e-06,0.999997954787113,"2004",32
"195",8.46238650465685e-08,0.999999915376135,"2004",33
"196",8.46238650465685e-08,0.999999915376135,"2004",33
"197",8.46238650465685e-08,0.999999915376135,"2004",33
"198",8.46238650465685e-08,0.999999915376135,"2004",33
"199",3.50143748851347e-09,0.999999996498562,"2004",34
"200",3.50143748851347e-09,0.999999996498562,"2004",34
"201",1.4487713986836e-10,0.999999999855123,"2004",35
"202",0.999999999702458,2.97542443520014e-10,"2005",21
"203",0.999999992808898,7.19110180823955e-09,"2005",22
"204",0.999999826203158,1.73796841706586e-07,"2005",23
"205",0.999999826203158,1.73796841706586e-07,"2005",23
"206",0.99999579963872,4.20036127998648e-06,"2005",24
"207",0.99999579963872,4.20036127998648e-06,"2005",24
"208",0.99989849419027,0.000101505809730209,"2005",25
"209",0.99989849419027,0.000101505809730209,"2005",25
"210",0.99989849419027,0.000101505809730209,"2005",25
"211",0.99989849419027,0.000101505809730209,"2005",25
"212",0.00119320187909787,0.998806798120902,"2005",30
"213",2.04521288747166e-06,0.999997954787113,"2005",32
"214",2.04521288747166e-06,0.999997954787113,"2005",32
"215",2.04521288747166e-06,0.999997954787113,"2005",32
"216",2.04521288747166e-06,0.999997954787113,"2005",32
"217",2.04521288747166e-06,0.999997954787113,"2005",32
"218",8.46238650465685e-08,0.999999915376135,"2005",33
"219",8.46238650465685e-08,0.999999915376135,"2005",33
"220",8.46238650465685e-08,0.999999915376135,"2005",33
"221",8.46238650465685e-08,0.999999915376135,"2005",33
"222",8.46238650465685e-08,0.999999915376135,"2005",33
"223",8.46238650465685e-08,0.999999915376135,"2005",33
"224",8.46238650465685e-08,0.999999915376135,"2005",33
"225",8.46238650465685e-08,0.999999915376135,"2005",33
"226",8.46238650465685e-08,0.999999915376135,"2005",33
"227",3.50143748851347e-09,0.999999996498562,"2005",34
"228",3.50143748851347e-09,0.999999996498562,"2005",34
"229",3.50143748851347e-09,0.999999996498562,"2005",34
"230",1.4487713986836e-10,0.999999999855123,"2005",35
"231",1.4487713986836e-10,0.999999999855123,"2005",35
"232",5.99450530182398e-12,0.999999999994005,"2005",36
"233",0.999999999987689,1.23112573666216e-11,"2006",20
"234",0.999999999702458,2.97542443520014e-10,"2006",21
"235",0.999999999702458,2.97542443520014e-10,"2006",21
"236",0.99999579963872,4.20036127998648e-06,"2006",24
"237",0.99999579963872,4.20036127998648e-06,"2006",24
"238",0.99999579963872,4.20036127998648e-06,"2006",24
"239",0.99999579963872,4.20036127998648e-06,"2006",24
"240",0.99999579963872,4.20036127998648e-06,"2006",24
"241",0.99989849419027,0.000101505809730209,"2006",25
"242",0.997552530573321,0.00244746942667876,"2006",26
"243",4.94270234497858e-05,0.99995057297655,"2006",31
"244",4.94270234497858e-05,0.99995057297655,"2006",31
"245",4.94270234497858e-05,0.99995057297655,"2006",31
"246",4.94270234497858e-05,0.99995057297655,"2006",31
"247",4.94270234497858e-05,0.99995057297655,"2006",31
"248",2.04521288747166e-06,0.999997954787113,"2006",32
"249",2.04521288747166e-06,0.999997954787113,"2006",32
"250",2.04521288747166e-06,0.999997954787113,"2006",32
"251",2.04521288747166e-06,0.999997954787113,"2006",32
"252",2.04521288747166e-06,0.999997954787113,"2006",32
"253",3.50143748851347e-09,0.999999996498562,"2006",34
"254",3.50143748851347e-09,0.999999996498562,"2006",34
"255",3.50143748851347e-09,0.999999996498562,"2006",34
"256",3.50143748851347e-09,0.999999996498562,"2006",34
"257",1.4487713986836e-10,0.999999999855123,"2006",35
"258",1.4487713986836e-10,0.999999999855123,"2006",35
"259",1.4487713986836e-10,0.999999999855123,"2006",35
"260",1.4487713986836e-10,0.999999999855123,"2006",35
"261",1.4487713986836e-10,0.999999999855123,"2006",35
"262",1.4487713986836e-10,0.999999999855123,"2006",35
"263",1.4487713986836e-10,0.999999999855123,"2006",35
"264",1.4487713986836e-10,0.999999999855123,"2006",35
"265",5.99450530182398e-12,0.999999999994005,"2006",36
"266",2.48031496490493e-13,0.999999999999752,"2006",37
"267",0.999999992808898,7.19110180823955e-09,"2007",22
"268",0.999999826203158,1.73796841706586e-07,"2007",23
"269",0.99999579963872,4.20036127998648e-06,"2007",24
"270",4.94270234497858e-05,0.99995057297655,"2007",31
"271",2.04521288747166e-06,0.999997954787113,"2007",32
"272",8.46238650465685e-08,0.999999915376135,"2007",33
"273",8.46238650465685e-08,0.999999915376135,"2007",33
"274",8.46238650465685e-08,0.999999915376135,"2007",33
"275",3.50143748851347e-09,0.999999996498562,"2007",34
"276",3.50143748851347e-09,0.999999996498562,"2007",34
"277",3.50143748851347e-09,0.999999996498562,"2007",34
"278",3.50143748851347e-09,0.999999996498562,"2007",34
"279",1.4487713986836e-10,0.999999999855123,"2007",35
"280",5.99450530182398e-12,0.999999999994005,"2007",36
"281",5.99450530182398e-12,0.999999999994005,"2007",36
"282",0.999999999999979,2.10770283751684e-14,"2008",18
"283",0.999999999999491,5.09396427994172e-13,"2008",19
"284",0.999999999999491,5.09396427994172e-13,"2008",19
"285",0.999999999999491,5.09396427994172e-13,"2008",19
"286",0.999999999987689,1.23112573666216e-11,"2008",20
"287",0.999999999702458,2.97542443520014e-10,"2008",21
"288",0.999999999702458,2.97542443520014e-10,"2008",21
"289",0.999999999702458,2.97542443520014e-10,"2008",21
"290",0.999999999702458,2.97542443520014e-10,"2008",21
"291",0.999999992808898,7.19110180823955e-09,"2008",22
"292",0.999999826203158,1.73796841706586e-07,"2008",23
"293",0.99999579963872,4.20036127998648e-06,"2008",24
"294",0.99989849419027,0.000101505809730209,"2008",25
"295",0.944022881747604,0.0559771182523963,"2008",27
"296",0.410999410301857,0.589000589698143,"2008",28
"297",4.94270234497858e-05,0.99995057297655,"2008",31
"298",4.94270234497858e-05,0.99995057297655,"2008",31
"299",4.94270234497858e-05,0.99995057297655,"2008",31
"300",2.04521288747166e-06,0.999997954787113,"2008",32
"301",2.04521288747166e-06,0.999997954787113,"2008",32
"302",2.04521288747166e-06,0.999997954787113,"2008",32
"303",2.04521288747166e-06,0.999997954787113,"2008",32
"304",2.04521288747166e-06,0.999997954787113,"2008",32
"305",2.04521288747166e-06,0.999997954787113,"2008",32
"306",2.04521288747166e-06,0.999997954787113,"2008",32
"307",2.04521288747166e-06,0.999997954787113,"2008",32
"308",2.04521288747166e-06,0.999997954787113,"2008",32
"309",8.46238650465685e-08,0.999999915376135,"2008",33
"310",8.46238650465685e-08,0.999999915376135,"2008",33
"311",8.46238650465685e-08,0.999999915376135,"2008",33
"312",8.46238650465685e-08,0.999999915376135,"2008",33
"313",3.50143748851347e-09,0.999999996498562,"2008",34
"314",3.50143748851347e-09,0.999999996498562,"2008",34
"315",3.50143748851347e-09,0.999999996498562,"2008",34
"316",3.50143748851347e-09,0.999999996498562,"2008",34
"317",3.50143748851347e-09,0.999999996498562,"2008",34
"318",3.50143748851347e-09,0.999999996498562,"2008",34
"319",3.50143748851347e-09,0.999999996498562,"2008",34
"320",3.50143748851347e-09,0.999999996498562,"2008",34
"321",1.4487713986836e-10,0.999999999855123,"2008",35
"322",1.4487713986836e-10,0.999999999855123,"2008",35
"323",1.4487713986836e-10,0.999999999855123,"2008",35
"324",1.4487713986836e-10,0.999999999855123,"2008",35
"325",1.4487713986836e-10,0.999999999855123,"2008",35
"326",1.4487713986836e-10,0.999999999855123,"2008",35
"327",1.4487713986836e-10,0.999999999855123,"2008",35
"328",1.4487713986836e-10,0.999999999855123,"2008",35
"329",1.4487713986836e-10,0.999999999855123,"2008",35
"330",1.4487713986836e-10,0.999999999855123,"2008",35
"331",1.4487713986836e-10,0.999999999855123,"2008",35
"332",1.4487713986836e-10,0.999999999855123,"2008",35
"333",1.4487713986836e-10,0.999999999855123,"2008",35
"334",5.99450530182398e-12,0.999999999994005,"2008",36
"335",2.48031496490493e-13,0.999999999999752,"2008",37
"336",0.999999999987689,1.23112573666216e-11,"2009",20
"337",0.999999999987689,1.23112573666216e-11,"2009",20
"338",0.999999999702458,2.97542443520014e-10,"2009",21
"339",0.999999999702458,2.97542443520014e-10,"2009",21
"340",0.999999999702458,2.97542443520014e-10,"2009",21
"341",0.999999999702458,2.97542443520014e-10,"2009",21
"342",0.999999999702458,2.97542443520014e-10,"2009",21
"343",0.999999999702458,2.97542443520014e-10,"2009",21
"344",0.999999999702458,2.97542443520014e-10,"2009",21
"345",0.999999992808898,7.19110180823955e-09,"2009",22
"346",0.999999992808898,7.19110180823955e-09,"2009",22
"347",0.999999992808898,7.19110180823955e-09,"2009",22
"348",0.999999992808898,7.19110180823955e-09,"2009",22
"349",0.999999992808898,7.19110180823955e-09,"2009",22
"350",0.999999992808898,7.19110180823955e-09,"2009",22
"351",0.999999992808898,7.19110180823955e-09,"2009",22
"352",0.999999992808898,7.19110180823955e-09,"2009",22
"353",0.999999992808898,7.19110180823955e-09,"2009",22
"354",0.999999992808898,7.19110180823955e-09,"2009",22
"355",0.999999992808898,7.19110180823955e-09,"2009",22
"356",0.999999992808898,7.19110180823955e-09,"2009",22
"357",0.999999826203158,1.73796841706586e-07,"2009",23
"358",0.999999826203158,1.73796841706586e-07,"2009",23
"359",0.999999826203158,1.73796841706586e-07,"2009",23
"360",0.999999826203158,1.73796841706586e-07,"2009",23
"361",0.99999579963872,4.20036127998648e-06,"2009",24
"362",0.99999579963872,4.20036127998648e-06,"2009",24
"363",0.99999579963872,4.20036127998648e-06,"2009",24
"364",0.99989849419027,0.000101505809730209,"2009",25
"365",0.00119320187909787,0.998806798120902,"2009",30
"366",4.94270234497858e-05,0.99995057297655,"2009",31
"367",4.94270234497858e-05,0.99995057297655,"2009",31
"368",4.94270234497858e-05,0.99995057297655,"2009",31
"369",2.04521288747166e-06,0.999997954787113,"2009",32
"370",2.04521288747166e-06,0.999997954787113,"2009",32
"371",2.04521288747166e-06,0.999997954787113,"2009",32
"372",2.04521288747166e-06,0.999997954787113,"2009",32
"373",2.04521288747166e-06,0.999997954787113,"2009",32
"374",2.04521288747166e-06,0.999997954787113,"2009",32
"375",2.04521288747166e-06,0.999997954787113,"2009",32
"376",2.04521288747166e-06,0.999997954787113,"2009",32
"377",2.04521288747166e-06,0.999997954787113,"2009",32
"378",2.04521288747166e-06,0.999997954787113,"2009",32
"379",8.46238650465685e-08,0.999999915376135,"2009",33
"380",8.46238650465685e-08,0.999999915376135,"2009",33
"381",8.46238650465685e-08,0.999999915376135,"2009",33
"382",8.46238650465685e-08,0.999999915376135,"2009",33
"383",8.46238650465685e-08,0.999999915376135,"2009",33
"384",8.46238650465685e-08,0.999999915376135,"2009",33
"385",8.46238650465685e-08,0.999999915376135,"2009",33
"386",8.46238650465685e-08,0.999999915376135,"2009",33
"387",8.46238650465685e-08,0.999999915376135,"2009",33
"388",8.46238650465685e-08,0.999999915376135,"2009",33
"389",8.46238650465685e-08,0.999999915376135,"2009",33
"390",8.46238650465685e-08,0.999999915376135,"2009",33
"391",8.46238650465685e-08,0.999999915376135,"2009",33
"392",8.46238650465685e-08,0.999999915376135,"2009",33
"393",8.46238650465685e-08,0.999999915376135,"2009",33
"394",8.46238650465685e-08,0.999999915376135,"2009",33
"395",8.46238650465685e-08,0.999999915376135,"2009",33
"396",8.46238650465685e-08,0.999999915376135,"2009",33
"397",8.46238650465685e-08,0.999999915376135,"2009",33
"398",8.46238650465685e-08,0.999999915376135,"2009",33
"399",8.46238650465685e-08,0.999999915376135,"2009",33
"400",8.46238650465685e-08,0.999999915376135,"2009",33
"401",8.46238650465685e-08,0.999999915376135,"2009",33
"402",8.46238650465685e-08,0.999999915376135,"2009",33
"403",8.46238650465685e-08,0.999999915376135,"2009",33
"404",8.46238650465685e-08,0.999999915376135,"2009",33
"405",8.46238650465685e-08,0.999999915376135,"2009",33
"406",8.46238650465685e-08,0.999999915376135,"2009",33
"407",8.46238650465685e-08,0.999999915376135,"2009",33
"408",8.46238650465685e-08,0.999999915376135,"2009",33
"409",8.46238650465685e-08,0.999999915376135,"2009",33
"410",8.46238650465685e-08,0.999999915376135,"2009",33
"411",8.46238650465685e-08,0.999999915376135,"2009",33
"412",3.50143748851347e-09,0.999999996498562,"2009",34
"413",3.50143748851347e-09,0.999999996498562,"2009",34
"414",3.50143748851347e-09,0.999999996498562,"2009",34
"415",3.50143748851347e-09,0.999999996498562,"2009",34
"416",3.50143748851347e-09,0.999999996498562,"2009",34
"417",3.50143748851347e-09,0.999999996498562,"2009",34
"418",3.50143748851347e-09,0.999999996498562,"2009",34
"419",3.50143748851347e-09,0.999999996498562,"2009",34
"420",3.50143748851347e-09,0.999999996498562,"2009",34
"421",3.50143748851347e-09,0.999999996498562,"2009",34
"422",3.50143748851347e-09,0.999999996498562,"2009",34
"423",3.50143748851347e-09,0.999999996498562,"2009",34
"424",3.50143748851347e-09,0.999999996498562,"2009",34
"425",3.50143748851347e-09,0.999999996498562,"2009",34
"426",3.50143748851347e-09,0.999999996498562,"2009",34
"427",3.50143748851347e-09,0.999999996498562,"2009",34
"428",3.50143748851347e-09,0.999999996498562,"2009",34
"429",3.50143748851347e-09,0.999999996498562,"2009",34
"430",3.50143748851347e-09,0.999999996498562,"2009",34
"431",3.50143748851347e-09,0.999999996498562,"2009",34
"432",3.50143748851347e-09,0.999999996498562,"2009",34
"433",1.4487713986836e-10,0.999999999855123,"2009",35
"434",1.4487713986836e-10,0.999999999855123,"2009",35
"435",5.99450530182398e-12,0.999999999994005,"2009",36
"436",2.48031496490493e-13,0.999999999999752,"2009",37
"437",0.999999999702458,2.97542443520014e-10,"2010",21
"438",0.999999999702458,2.97542443520014e-10,"2010",21
"439",0.999999999702458,2.97542443520014e-10,"2010",21
"440",0.999999999702458,2.97542443520014e-10,"2010",21
"441",0.999999992808898,7.19110180823955e-09,"2010",22
"442",0.999999992808898,7.19110180823955e-09,"2010",22
"443",0.999999826203158,1.73796841706586e-07,"2010",23
"444",0.999999826203158,1.73796841706586e-07,"2010",23
"445",0.999999826203158,1.73796841706586e-07,"2010",23
"446",0.999999826203158,1.73796841706586e-07,"2010",23
"447",0.99999579963872,4.20036127998648e-06,"2010",24
"448",0.99989849419027,0.000101505809730209,"2010",25
"449",0.99989849419027,0.000101505809730209,"2010",25
"450",0.99989849419027,0.000101505809730209,"2010",25
"451",0.99989849419027,0.000101505809730209,"2010",25
"452",0.99989849419027,0.000101505809730209,"2010",25
"453",0.997552530573321,0.00244746942667876,"2010",26
"454",0.997552530573321,0.00244746942667876,"2010",26
"455",0.944022881747604,0.0559771182523963,"2010",27
"456",0.0280619306626163,0.971938069337384,"2010",29
"457",2.04521288747166e-06,0.999997954787113,"2010",32
"458",8.46238650465685e-08,0.999999915376135,"2010",33
"459",8.46238650465685e-08,0.999999915376135,"2010",33
"460",8.46238650465685e-08,0.999999915376135,"2010",33
"461",8.46238650465685e-08,0.999999915376135,"2010",33
"462",8.46238650465685e-08,0.999999915376135,"2010",33
"463",8.46238650465685e-08,0.999999915376135,"2010",33
"464",8.46238650465685e-08,0.999999915376135,"2010",33
"465",0.999999999999491,5.09396427994172e-13,"2011",19
"466",0.999999992808898,7.19110180823955e-09,"2011",22
"467",0.999999992808898,7.19110180823955e-09,"2011",22
"468",3.50143748851347e-09,0.999999996498562,"2011",34
"469",1.4487713986836e-10,0.999999999855123,"2011",35
"470",0.999999999702458,2.97542443520014e-10,"2012",21
"471",0.999999999702458,2.97542443520014e-10,"2012",21
"472",0.999999992808898,7.19110180823955e-09,"2012",22
"473",0.999999992808898,7.19110180823955e-09,"2012",22
"474",0.999999992808898,7.19110180823955e-09,"2012",22
"475",0.999999992808898,7.19110180823955e-09,"2012",22
"476",0.999999992808898,7.19110180823955e-09,"2012",22
"477",0.999999992808898,7.19110180823955e-09,"2012",22
"478",0.999999992808898,7.19110180823955e-09,"2012",22
"479",0.999999826203158,1.73796841706586e-07,"2012",23
"480",0.997552530573321,0.00244746942667876,"2012",26
"481",3.50143748851347e-09,0.999999996498562,"2012",34
"482",3.50143748851347e-09,0.999999996498562,"2012",34
"483",3.50143748851347e-09,0.999999996498562,"2012",34
"484",3.50143748851347e-09,0.999999996498562,"2012",34
"485",3.50143748851347e-09,0.999999996498562,"2012",34
"486",3.50143748851347e-09,0.999999996498562,"2012",34
"487",1.4487713986836e-10,0.999999999855123,"2012",35
"488",2.48031496490493e-13,0.999999999999752,"2012",37
"489",0.999999826203158,1.73796841706586e-07,"2013",23
"490",0.99999579963872,4.20036127998648e-06,"2013",24
"491",0.99999579963872,4.20036127998648e-06,"2013",24
"492",0.99989849419027,0.000101505809730209,"2013",25
"493",0.99989849419027,0.000101505809730209,"2013",25
"494",0.99989849419027,0.000101505809730209,"2013",25
"495",0.944022881747604,0.0559771182523963,"2013",27
"496",2.04521288747166e-06,0.999997954787113,"2013",32
"497",2.04521288747166e-06,0.999997954787113,"2013",32
"498",8.46238650465685e-08,0.999999915376135,"2013",33
"499",8.46238650465685e-08,0.999999915376135,"2013",33
"500",8.46238650465685e-08,0.999999915376135,"2013",33
"501",8.46238650465685e-08,0.999999915376135,"2013",33
"502",8.46238650465685e-08,0.999999915376135,"2013",33
"503",3.50143748851347e-09,0.999999996498562,"2013",34
"504",3.50143748851347e-09,0.999999996498562,"2013",34
"505",3.50143748851347e-09,0.999999996498562,"2013",34
"506",3.50143748851347e-09,0.999999996498562,"2013",34
"507",3.50143748851347e-09,0.999999996498562,"2013",34
"508",3.50143748851347e-09,0.999999996498562,"2013",34
"509",3.50143748851347e-09,0.999999996498562,"2013",34
"510",3.50143748851347e-09,0.999999996498562,"2013",34
"511",3.50143748851347e-09,0.999999996498562,"2013",34
"512",1.4487713986836e-10,0.999999999855123,"2013",35
"513",1.4487713986836e-10,0.999999999855123,"2013",35
"514",1.4487713986836e-10,0.999999999855123,"2013",35
"515",5.99450530182398e-12,0.999999999994005,"2013",36
"516",5.99450530182398e-12,0.999999999994005,"2013",36
"517",0.999999999999979,2.10770283751684e-14,"2014",18
"518",0.999999999987689,1.23112573666216e-11,"2014",20
"519",0.999999999987689,1.23112573666216e-11,"2014",20
"520",0.999999999987689,1.23112573666216e-11,"2014",20
"521",0.999999999987689,1.23112573666216e-11,"2014",20
"522",0.999999999987689,1.23112573666216e-11,"2014",20
"523",0.999999999987689,1.23112573666216e-11,"2014",20
"524",0.999999999702458,2.97542443520014e-10,"2014",21
"525",0.999999992808898,7.19110180823955e-09,"2014",22
"526",0.999999992808898,7.19110180823955e-09,"2014",22
"527",0.999999826203158,1.73796841706586e-07,"2014",23
"528",0.99999579963872,4.20036127998648e-06,"2014",24
"529",0.99999579963872,4.20036127998648e-06,"2014",24
"530",4.94270234497858e-05,0.99995057297655,"2014",31
"531",4.94270234497858e-05,0.99995057297655,"2014",31
"532",4.94270234497858e-05,0.99995057297655,"2014",31
"533",4.94270234497858e-05,0.99995057297655,"2014",31
"534",4.94270234497858e-05,0.99995057297655,"2014",31
"535",4.94270234497858e-05,0.99995057297655,"2014",31
"536",4.94270234497858e-05,0.99995057297655,"2014",31
"537",4.94270234497858e-05,0.99995057297655,"2014",31
"538",2.04521288747166e-06,0.999997954787113,"2014",32
"539",2.04521288747166e-06,0.999997954787113,"2014",32
"540",1.4487713986836e-10,0.999999999855123,"2014",35
"541",1.02626689198616e-14,0.99999999999999,"2014",38
"542",1.02626689198616e-14,0.99999999999999,"2014",38
"543",0.999999999702458,2.97542443520014e-10,"2015",21
"544",0.99989849419027,0.000101505809730209,"2015",25
"545",0.997552530573321,0.00244746942667876,"2015",26
"546",8.46238650465685e-08,0.999999915376135,"2015",33
"547",2.48031496490493e-13,0.999999999999752,"2015",37
"548",0.999999999702458,2.97542443520014e-10,"2016",21
"549",0.999999826203158,1.73796841706586e-07,"2016",23
"550",0.999999826203158,1.73796841706586e-07,"2016",23
"551",0.999999826203158,1.73796841706586e-07,"2016",23
"552",0.99999579963872,4.20036127998648e-06,"2016",24
"553",0.99989849419027,0.000101505809730209,"2016",25
"554",8.46238650465685e-08,0.999999915376135,"2016",33
"555",8.46238650465685e-08,0.999999915376135,"2016",33
"556",8.46238650465685e-08,0.999999915376135,"2016",33
"557",8.46238650465685e-08,0.999999915376135,"2016",33
"558",3.50143748851347e-09,0.999999996498562,"2016",34
"559",3.50143748851347e-09,0.999999996498562,"2016",34
"560",1.4487713986836e-10,0.999999999855123,"2016",35
"561",1.4487713986836e-10,0.999999999855123,"2016",35
"562",5.99450530182398e-12,0.999999999994005,"2016",36
"563",5.99450530182398e-12,0.999999999994005,"2016",36
"564",5.99450530182398e-12,0.999999999994005,"2016",36
"565",5.99450530182398e-12,0.999999999994005,"2016",36
"566",0.999999999702458,2.97542443520014e-10,"2018",21
"567",0.999999992808898,7.19110180823955e-09,"2018",22
"568",4.94270234497858e-05,0.99995057297655,"2018",31
"569",3.50143748851347e-09,0.999999996498562,"2019",34
"570",0.999999999999491,5.09396427994172e-13,"2020",19
"571",0.999999999987689,1.23112573666216e-11,"2020",20
"572",0.999999999987689,1.23112573666216e-11,"2020",20
"573",0.999999999702458,2.97542443520014e-10,"2020",21
"574",0.999999999702458,2.97542443520014e-10,"2020",21
"575",0.999999992808898,7.19110180823955e-09,"2020",22
"576",0.999999992808898,7.19110180823955e-09,"2020",22
"577",0.999999992808898,7.19110180823955e-09,"2020",22
"578",0.999999992808898,7.19110180823955e-09,"2020",22
"579",0.999999992808898,7.19110180823955e-09,"2020",22
"580",0.999999826203158,1.73796841706586e-07,"2020",23
"581",0.99999579963872,4.20036127998648e-06,"2020",24
"582",0.99999579963872,4.20036127998648e-06,"2020",24
"583",8.46238650465685e-08,0.999999915376135,"2020",33
"584",8.46238650465685e-08,0.999999915376135,"2020",33
"585",8.46238650465685e-08,0.999999915376135,"2020",33
"586",8.46238650465685e-08,0.999999915376135,"2020",33
"587",8.46238650465685e-08,0.999999915376135,"2020",33
"588",8.46238650465685e-08,0.999999915376135,"2020",33
"589",8.46238650465685e-08,0.999999915376135,"2020",33
"590",8.46238650465685e-08,0.999999915376135,"2020",33
"591",8.46238650465685e-08,0.999999915376135,"2020",33
"592",8.46238650465685e-08,0.999999915376135,"2020",33
"593",8.46238650465685e-08,0.999999915376135,"2020",33
"594",8.46238650465685e-08,0.999999915376135,"2020",33
"595",3.50143748851347e-09,0.999999996498562,"2020",34
"596",0.999999999999491,5.09396427994172e-13,"2021",19
"597",0.999999999987689,1.23112573666216e-11,"2021",20
"598",0.999999999987689,1.23112573666216e-11,"2021",20
"599",0.999999999987689,1.23112573666216e-11,"2021",20
"600",0.999999999987689,1.23112573666216e-11,"2021",20
"601",0.999999999702458,2.97542443520014e-10,"2021",21
"602",0.999999999702458,2.97542443520014e-10,"2021",21
"603",0.999999999702458,2.97542443520014e-10,"2021",21
"604",0.999999999702458,2.97542443520014e-10,"2021",21
"605",0.999999999702458,2.97542443520014e-10,"2021",21
"606",0.999999992808898,7.19110180823955e-09,"2021",22
"607",0.999999992808898,7.19110180823955e-09,"2021",22
"608",0.999999992808898,7.19110180823955e-09,"2021",22
"609",0.999999992808898,7.19110180823955e-09,"2021",22
"610",0.999999992808898,7.19110180823955e-09,"2021",22
"611",0.999999992808898,7.19110180823955e-09,"2021",22
"612",0.999999992808898,7.19110180823955e-09,"2021",22
"613",0.999999992808898,7.19110180823955e-09,"2021",22
"614",0.999999992808898,7.19110180823955e-09,"2021",22
"615",0.999999992808898,7.19110180823955e-09,"2021",22
"616",0.999999992808898,7.19110180823955e-09,"2021",22
"617",0.999999992808898,7.19110180823955e-09,"2021",22
"618",0.999999992808898,7.19110180823955e-09,"2021",22
"619",0.999999992808898,7.19110180823955e-09,"2021",22
"620",0.999999992808898,7.19110180823955e-09,"2021",22
"621",0.999999992808898,7.19110180823955e-09,"2021",22
"622",0.999999992808898,7.19110180823955e-09,"2021",22
"623",0.999999992808898,7.19110180823955e-09,"2021",22
"624",0.999999992808898,7.19110180823955e-09,"2021",22
"625",0.999999992808898,7.19110180823955e-09,"2021",22
"626",0.999999992808898,7.19110180823955e-09,"2021",22
"627",0.999999992808898,7.19110180823955e-09,"2021",22
"628",0.999999992808898,7.19110180823955e-09,"2021",22
"629",0.999999992808898,7.19110180823955e-09,"2021",22
"630",0.999999826203158,1.73796841706586e-07,"2021",23
"631",0.99999579963872,4.20036127998648e-06,"2021",24
"632",0.997552530573321,0.00244746942667876,"2021",26
"633",0.944022881747604,0.0559771182523963,"2021",27
"634",0.00119320187909787,0.998806798120902,"2021",30
"635",4.94270234497858e-05,0.99995057297655,"2021",31
"636",4.94270234497858e-05,0.99995057297655,"2021",31
"637",2.04521288747166e-06,0.999997954787113,"2021",32
"638",3.50143748851347e-09,0.999999996498562,"2021",34
"639",3.50143748851347e-09,0.999999996498562,"2021",34
"640",3.50143748851347e-09,0.999999996498562,"2021",34
"641",3.50143748851347e-09,0.999999996498562,"2021",34
"642",1.4487713986836e-10,0.999999999855123,"2021",35
"643",1.4487713986836e-10,0.999999999855123,"2021",35
"644",1.4487713986836e-10,0.999999999855123,"2021",35
"645",1.4487713986836e-10,0.999999999855123,"2021",35
"646",5.99450530182398e-12,0.999999999994005,"2021",36
"647",5.99450530182398e-12,0.999999999994005,"2021",36
"648",5.99450530182398e-12,0.999999999994005,"2021",36
"649",5.99450530182398e-12,0.999999999994005,"2021",36
"650",5.99450530182398e-12,0.999999999994005,"2021",36
"651",2.48031496490493e-13,0.999999999999752,"2021",37
"652",0.999999999999979,2.10770283751684e-14,"2022",18
"653",0.999999999999979,2.10770283751684e-14,"2022",18
"654",0.999999999999491,5.09396427994172e-13,"2022",19
"655",0.999999999999491,5.09396427994172e-13,"2022",19
"656",0.999999999987689,1.23112573666216e-11,"2022",20
"657",0.999999999987689,1.23112573666216e-11,"2022",20
"658",0.999999999987689,1.23112573666216e-11,"2022",20
"659",0.999999999987689,1.23112573666216e-11,"2022",20
"660",0.999999999987689,1.23112573666216e-11,"2022",20
"661",0.999999999987689,1.23112573666216e-11,"2022",20
"662",0.999999999702458,2.97542443520014e-10,"2022",21
"663",0.999999992808898,7.19110180823955e-09,"2022",22
"664",0.99999579963872,4.20036127998648e-06,"2022",24
"665",0.99999579963872,4.20036127998648e-06,"2022",24
"666",0.997552530573321,0.00244746942667876,"2022",26
"667",4.94270234497858e-05,0.99995057297655,"2022",31
"668",2.04521288747166e-06,0.999997954787113,"2022",32
"669",2.48031496490493e-13,0.999999999999752,"2022",37
"670",0.999999999702458,2.97542443520014e-10,"2023",21
"671",0.999999999702458,2.97542443520014e-10,"2023",21
"672",0.999999992808898,7.19110180823955e-09,"2023",22
"673",0.999999826203158,1.73796841706586e-07,"2023",23
"674",0.999999826203158,1.73796841706586e-07,"2023",23
"675",0.997552530573321,0.00244746942667876,"2023",26
"676",4.94270234497858e-05,0.99995057297655,"2023",31
"677",4.94270234497858e-05,0.99995057297655,"2023",31
"678",4.94270234497858e-05,0.99995057297655,"2023",31
"679",2.04521288747166e-06,0.999997954787113,"2023",32
"680",2.04521288747166e-06,0.999997954787113,"2023",32
"681",2.04521288747166e-06,0.999997954787113,"2023",32
"682",2.04521288747166e-06,0.999997954787113,"2023",32
"683",2.04521288747166e-06,0.999997954787113,"2023",32
"684",2.04521288747166e-06,0.999997954787113,"2023",32
"685",2.04521288747166e-06,0.999997954787113,"2023",32
"686",2.04521288747166e-06,0.999997954787113,"2023",32
"687",2.04521288747166e-06,0.999997954787113,"2023",32
"688",2.04521288747166e-06,0.999997954787113,"2023",32
"689",8.46238650465685e-08,0.999999915376135,"2023",33
"690",8.46238650465685e-08,0.999999915376135,"2023",33
"691",8.46238650465685e-08,0.999999915376135,"2023",33
"692",8.46238650465685e-08,0.999999915376135,"2023",33
"693",8.46238650465685e-08,0.999999915376135,"2023",33
"694",8.46238650465685e-08,0.999999915376135,"2023",33
"695",8.46238650465685e-08,0.999999915376135,"2023",33
"696",8.46238650465685e-08,0.999999915376135,"2023",33
"697",8.46238650465685e-08,0.999999915376135,"2023",33
"698",3.50143748851347e-09,0.999999996498562,"2023",34
"699",3.50143748851347e-09,0.999999996498562,"2023",34
"700",3.50143748851347e-09,0.999999996498562,"2023",34
"701",3.50143748851347e-09,0.999999996498562,"2023",34
"702",1.4487713986836e-10,0.999999999855123,"2023",35
"703",1.4487713986836e-10,0.999999999855123,"2023",35
"704",1.4487713986836e-10,0.999999999855123,"2023",35
"705",1.4487713986836e-10,0.999999999855123,"2023",35
"706",1.4487713986836e-10,0.999999999855123,"2023",35
"707",1.4487713986836e-10,0.999999999855123,"2023",35
"708",1.4487713986836e-10,0.999999999855123,"2023",35
"709",1.4487713986836e-10,0.999999999855123,"2023",35
"710",1.4487713986836e-10,0.999999999855123,"2023",35
"711",5.99450530182398e-12,0.999999999994005,"2023",36
"712",2.48031496490493e-13,0.999999999999752,"2023",37
"713",0.999999999999491,5.09396427994172e-13,"2024",19
"714",0.999999999999491,5.09396427994172e-13,"2024",19
"715",0.999999999999491,5.09396427994172e-13,"2024",19
"716",0.999999999999491,5.09396427994172e-13,"2024",19
"717",0.999999999999491,5.09396427994172e-13,"2024",19
"718",0.999999999999491,5.09396427994172e-13,"2024",19
"719",0.999999999987689,1.23112573666216e-11,"2024",20
"720",0.999999999987689,1.23112573666216e-11,"2024",20
"721",0.999999999987689,1.23112573666216e-11,"2024",20
"722",0.999999999987689,1.23112573666216e-11,"2024",20
"723",0.999999999987689,1.23112573666216e-11,"2024",20
"724",0.999999999987689,1.23112573666216e-11,"2024",20
"725",0.999999999987689,1.23112573666216e-11,"2024",20
"726",0.999999999987689,1.23112573666216e-11,"2024",20
"727",0.999999999987689,1.23112573666216e-11,"2024",20
"728",0.999999999987689,1.23112573666216e-11,"2024",20
"729",0.999999999987689,1.23112573666216e-11,"2024",20
"730",0.999999999987689,1.23112573666216e-11,"2024",20
"731",0.999999999987689,1.23112573666216e-11,"2024",20
"732",0.999999999987689,1.23112573666216e-11,"2024",20
"733",0.999999999987689,1.23112573666216e-11,"2024",20
"734",0.999999999987689,1.23112573666216e-11,"2024",20
"735",0.999999999987689,1.23112573666216e-11,"2024",20
"736",0.999999999702458,2.97542443520014e-10,"2024",21
"737",0.999999999702458,2.97542443520014e-10,"2024",21
"738",0.999999999702458,2.97542443520014e-10,"2024",21
"739",0.999999999702458,2.97542443520014e-10,"2024",21
"740",0.999999999702458,2.97542443520014e-10,"2024",21
"741",0.999999999702458,2.97542443520014e-10,"2024",21
"742",0.999999999702458,2.97542443520014e-10,"2024",21
"743",0.999999999702458,2.97542443520014e-10,"2024",21
"744",0.999999999702458,2.97542443520014e-10,"2024",21
"745",0.999999999702458,2.97542443520014e-10,"2024",21
"746",0.999999999702458,2.97542443520014e-10,"2024",21
"747",0.999999992808898,7.19110180823955e-09,"2024",22
"748",0.999999992808898,7.19110180823955e-09,"2024",22
"749",0.999999992808898,7.19110180823955e-09,"2024",22
"750",0.99989849419027,0.000101505809730209,"2024",25
"751",0.99989849419027,0.000101505809730209,"2024",25
"752",4.94270234497858e-05,0.99995057297655,"2024",31
"753",4.94270234497858e-05,0.99995057297655,"2024",31
"754",2.04521288747166e-06,0.999997954787113,"2024",32
"755",2.04521288747166e-06,0.999997954787113,"2024",32
"756",2.04521288747166e-06,0.999997954787113,"2024",32
"757",2.04521288747166e-06,0.999997954787113,"2024",32
"758",2.04521288747166e-06,0.999997954787113,"2024",32
"759",2.04521288747166e-06,0.999997954787113,"2024",32
"760",2.04521288747166e-06,0.999997954787113,"2024",32
"761",2.04521288747166e-06,0.999997954787113,"2024",32
"762",2.04521288747166e-06,0.999997954787113,"2024",32
"763",8.46238650465685e-08,0.999999915376135,"2024",33
"764",8.46238650465685e-08,0.999999915376135,"2024",33
"765",8.46238650465685e-08,0.999999915376135,"2024",33
"766",8.46238650465685e-08,0.999999915376135,"2024",33
"767",8.46238650465685e-08,0.999999915376135,"2024",33
"768",8.46238650465685e-08,0.999999915376135,"2024",33
"769",8.46238650465685e-08,0.999999915376135,"2024",33
"770",8.46238650465685e-08,0.999999915376135,"2024",33
"771",3.50143748851347e-09,0.999999996498562,"2024",34
"772",1.4487713986836e-10,0.999999999855123,"2024",35
"773",1.4487713986836e-10,0.999999999855123,"2024",35
"774",1.4487713986836e-10,0.999999999855123,"2024",35
"775",5.99450530182398e-12,0.999999999994005,"2024",36
"776",2.48031496490493e-13,0.999999999999752,"2024",37
